,generated_peptides
0,GPPGARGLTGAPGPAGPP
1,GPPGPPGLTGPPGDAGPP
2,GPPGARGETGEKGDPGVP
3,GPPGERGLPGEPGPAGPP
4,GPPGARGLTGRPGDAGEP
5,GPPGARCLPGRKGDRGPP
6,GPPGPRGLPGYQGPAGVP
7,GPPGARGETGPPGEAGPP
8,GPPGERGLTGMPGEAGEP
9,GPPGARGLTGRPGPAGPP
10,GEPGERYQSELIPEKHQP
11,WEPEELCYDGPQGEYGPT
12,EPPEAPMLKELDGMPYRP
13,GPTGPVGVTGLRGEALIP
14,GFRGLSIDPGLEGVKGPP
15,GGDGQRGQTGPRGMSGLP
16,GPPIDRGFPGCVGLAGCS
17,FAEGARCYTSPGGPLDPP
18,MSDCITVHPGPKGETGPP
19,GPPLPPGAPGPPPRPGHQ
20,RVGGWSDLPGPTTDPGPG
21,GIFDNPCEMGSPALRDRC
22,ALPGEDGEPWDPGSKGYP
23,PGDGDYALTDPAGPLCPG
24,SRSYPGGLTGKKIRKREG
25,RPNGARLFPWARGPQLAP
26,YNCGFPLYEGFICNMRVP
27,GPPGAPRIFDMLVPRGPV
28,HSPREEGLTMFPLMHWMW
29,SPKGNDGHPGFHYKHFRK
30,AEPWRRTPDGRPPAKRLV
31,GVPWEAKGWSQMDNYNIR
32,TMPKKEMEREAEWVKGAP
33,KGVLATPPTGDEGNKSSE
34,APKWMRVKPGIVGEPSMD
35,MRPRDRWGGDADMTMCAP
36,CEVEVDRQWEEMERDWPP
37,HEAKTVGQFGIGGTYGMT
38,YMECDGNEDNGLVTLWGR
39,GLPWISYPQDCLRPNGKR
40,TEGLEDGDGHFKGPADQP
41,DRPGSPWPLKFFDGDHDI
42,PLFIPDDEVYYPRTCRNE
43,CVPWTPGLPLRDCQPYET
44,SRREDWFWPTESCTKRYK
45,QFEEQDGHHLRSYDPNDP
46,DRTWAMCAMWMPGGSWFD
47,WLPGMRRPSAEPFMGRKH
48,CPPGWCHPDGWHKDEGPG
49,VFDHAQGHTPCPMTSIHN
50,KGNMLSFFFGKFAPNK
51,KTNMMSGLFGKAAMNK
52,MKNMMSNKFGKVAMNK
53,MGEDHSNVGGFPAKAK
54,MENSLSNFLAKAAMNK
55,MGNTSSNFFNFAKMNK
56,PGNDMSNFFGSAAMNK
57,KGKCGSGGFGKAADVK
58,KTNLASNFFQEAAMKK
59,KGGMWSNDTGKAAMLI
60,MKNPGKGLADKPCFVK
61,GGLPEWGGNKQCRKNK
62,KNRKDDGESVLWCDNH
63,MKMYKMLMGCDMLMGD
64,HSKIEEGSQLGCCNNK
65,DNIMCLPFAGLPMEFK
66,MFNTFDNCSNNADAVG
67,GHNLFWFKFMLKNMIH
68,VWLEAKLHTGLKNCNI
69,KLNPKSSNFPKGANLV
70,LPMCITCGVSECLVNK
71,MTTVIWLPCGKCCEGC
72,RGKNFPPHHKVHPDIY
73,KNWFNMLYVSTDIIGD
74,GKELWDEFNPNHKWDM
75,NLDEQKTMDMKGHLLG
76,PPSAPSMMVGYFGKRV
77,QPDMMIIDFRIRTEPN
78,KQYGEDGYFNENKDHV
79,IVCDIDIQLVFANMRI
80,AHENGVGFWDFVINIG
81,RLEMKHVNGEGPREPK
82,MDWKWMDDDVDEHYYG
83,LELDESYTTGGSEQVA
84,VMMWGQIIELSIDSPP
85,LPNIWSPYFSPEWHSD
86,PRPTQIWESKQSLTSI
87,MRIMMGMKDCPDYDRP
88,NMLLGSGGDDEFKKSV
89,LLWIKSHAWRGKPDNP
90,IEKTNQEVCGPLFMEL
91,AKGDWTIKEFWDLPKK
92,AQFICCNPFDDEPTEV
93,MEGEIGKEGKYQGREL
94,LKNPCSLTYQRIKCKP
95,VIGGIIYFWHRFNSNK
96,QAEPSQMSKGYNHRCI
97,YWKIEKKKMPPGRTQL
98,LKLALRNGQWSDCFAP
99,WWGYMVNYSTGHPVTT
100,MAATADGEGAALARAAA
101,AMATADGKALAAARAAA
102,ARAAAGGPADAKARAAA
103,AAARADKKALAKAFAAA
104,AAARAAGKAGAAARAAA
105,AAARAGTFHLAKARAAA
106,AAAAAAAAARAGARAAA
107,MAACAAAEKLAPARATA
108,AAGRARKKALAAADAAA
109,AAAAAKSPAAPKARAAA
110,EAAMSWGGEGAEHKTEH
111,WPSTAANFAGGYCGDCD
112,PAEAPPGEQPPKAIKGA
113,AALAADDNGFLAVGIAA
114,AAACKMLNAENRHQAAR
115,MFNAVSDAPRLKARAQA
116,AEEHAMAPADWGGKEEA
117,MAKGTIPFALEPPWSNA
118,EDASALRGALGGTGKDE
119,AKAAQTLDLTTPFFNAA
120,IKHRGQSPDEDNAEPNE
121,AEGWVFAGHGRLYGLNM
122,ENVPWHLRDRVAMPTWA
123,GNLLPDVRPGPSLAYFA
124,RNARAHVGKAIDAPSMK
125,ARHSNALSPLEAIRHNA
126,IRTEGREQHCRPARLRP
127,GKGWGLRGKHLRNLDKA
128,PWEVLYWRAGNPTRVKE
129,MGNNGPFKLKVPRRDTD
130,YDARKNPPLWGLGIKKE
131,GPDIRNISTKGECKGKT
132,PWSGPEPCNGPPTVSAK
133,EIITDGPLKYLLTPLFD
134,MYPGHPEDSKKKYTEIE
135,KEKKGRPPDHKKARTAA
136,RMSGKYPNKLERKLWAV
137,PWKCNGKEGKARNEWGR
138,LNIPPFEDPMPGIVKFA
139,PTEIPPWEAIKALISQE
140,MESDGGNKDCQVPRCRW
141,GYLCRPKCDCGYFVKPP
142,MKVPCGGWMGPILTSYM
143,MPRDCAFPCQGEKLWRI
144,ITRRPWGEPRAECPRMV
145,GNTIDKWFHCYDMLCDI
146,RAKDPLSEPWDGPEKGA
147,LCMRQMSCDEKWPAPKR
148,WKYAPMKYKIPSVRDTK
149,PWKIENKPRLCLSYVDN
150,MKEVAKKCAPSGSPH
151,MKEVAKPKGPSGSPD
152,RKTVAKPKGGSSSRA
153,MKKVAKPGGPSGSPL
154,RKTVELPKGPSGSEN
155,QKTVAKKKGPSGSPK
156,MKTVKKPKLPGGSPL
157,MATTALPKGPSGSPG
158,AKTPAPPGLPSGSKW
159,RSTVAKPKGRSCSSW
160,RSHPPKDLVISISRH
161,MDKVGDDFKGPKGWS
162,MMVKGGPSHPSESQQ
163,MITKPICKHESGVRR
164,MEAPNKNVGLGFSRL
165,ITELPGDKKPCPPIK
166,MKTNKLLIPPAWSPS
167,SKVRRKKYGCHWSPW
168,MKLKDQGGGPSLSLQ
169,MKTGWNAYGGSGSSW
170,DKWGLGELVENKEPW
171,MDEKMGVKRSSGREY
172,QDHFDFRGPSAKCRN
173,GIKGAARRCQGCRKW
174,GKYGKPQGGDSISDW
175,SFMQRKGVSPHDYPA
176,MKMKKWPMIEGKWNR
177,LGQKTLPYDMPWFPR
178,IGTHDFECVESDLSH
179,MNVRHVPTYWPLLDR
180,AKKDAKCESPWPDGD
181,PGGKNHLTEDRWSWW
182,VDCDLTVLYRGCPPP
183,EMQFTECLAFMKKDC
184,PPATNWFYAEYWGSK
185,LRMVKEHRKAPRQKQ
186,QKQHPHGGGQCVRPE
187,HPCQGIHMQPKFQNK
188,YTKTDWDKKFGIWSC
189,GGKERVGPQYPMSRL
190,ADEKMRDLRPNRLYG
191,MDPWWQGPIYRVKRW
192,EDDKAHKENDKVWLY
193,IVGMKDPTYGQHPPI
194,MQNLWKRVTERLHPK
195,IEDSGWDKPPSEGMP
196,YKRHPATHSTVMLCN
197,NLPDLAADIPETCKP
198,MNHNFKNIKRAPDVE
199,LGEEIDLCRDPKKMQ
200,ARTKQTKRKSTGGKA
201,MRTKQTARKSTGGKA
202,MRTKKTARKSTGGKA
203,MRRKQTARKSEGSKA
204,MRGKQTARKETGTKA
205,ARTKRTARKSTGGKA
206,MRTKATRRKSGGGKA
207,MRKKQTARKSEGRKA
208,ARTKQTARKSTRPKA
209,ARTKQTARKSTGGGA
210,ARRSKTGLMSKIRTA
211,ARGKETIRKKHGREA
212,MDMCQTARWSTEDRC
213,PAGNGKWKKENRKYA
214,FRDKKTRRDHSKVEA
215,MRTKCALNKMRIGIA
216,KRAKQYARGVSGNKR
217,ARTSTDPSKGTGRKK
218,MRTKRTKRMSKHRHK
219,KTTSHTFRFSTDTPE
220,FETGKRVGEKCLGKQ
221,MPKPDVARMNELYRR
222,MRSDVRRPKQLRKKA
223,PPPASTEDLKKQCKE
224,CRRFRVKWKRGSGGV
225,MKNIKKLGTKKGNVL
226,TKKKSLNESKTILKL
227,MDVSLWKDKDTQCIA
228,RDMQKKEDCQTDGKV
229,GRATGEKTKYKGGQV
230,AEPQLSVRTKKNIKW
231,WERVDWGRGMGEFLR
232,GTKHGKGYCDEMMSK
233,YNTFKWAKNKELENP
234,MMTWWVDWGQWDEFW
235,GRCKAKPRYCEYKLM
236,KFELGLDHCQWPKAF
237,EREMGCTEKKEEQPF
238,RLSFKGPMDSWGKEV
239,AREGGRMTSQGYQGT
240,MEDSGNFNGDSKDCE
241,MGCEGPNIDTLHGRH
242,PQFGDGKTNIGQDSH
243,NYECGSYHLYQPGLV
244,GILHIKLQGQDPKKV
245,MYMKAKKPPWLKLDR
246,KGCIQELEPDEQEHW
247,SEHQDPSNYENSKLC
248,DEHKKGESDMKKHFR
249,MRAINRFDARLGEEI
250,VSFFGNIRTPRTTEG
251,VSFKNNIVTPRRPSG
252,MHFFKNIPTPRTPGP
253,MDFFINIVTGPIPGG
254,MGFFKNIVITSTDFG
255,MDFKLNIFTYRTPGG
256,MIFQKNIVTPVTPGG
257,MHSDKNGSTGRTPGQ
258,VYLFKNIVTPRTPGG
259,MHGFSNIVTKRTPGG
260,VHVLCVPRTPPVPEK
261,MSYLREIHSFTTCGG
262,DHDSKTEDPDTQDIG
263,MDQFKPEIILGKDRK
264,IHFGNNRGEPQDPGD
265,PDEGLQGMPPPTRFG
266,NSHTELILCFLGDKL
267,MDIFKKINTPPERFW
268,MWPVLNMMQPPTRNG
269,VNFEFNSWFRRPPVG
270,VLRKPSGCDDAYNIL
271,PGPGCLSQDHDDDDH
272,MPTEPPEDKPLCAEA
273,TQLFWFQEDNGHIIQ
274,MHSLVCFRLDRDPKL
275,VWDIDAEIDLEEDEL
276,EDTVHLEQDDGYVRK
277,ESTEKEQKLKCKNIA
278,LSFWAPGTTGAYDGN
279,CLKHGNIFLERRPDL
280,DQQGHTKLDGLRDGF
281,DLCKIDEQQARRPNF
282,VDDMQLCKIPPQGPC
283,CGHPMAWVCCFYDLG
284,FPFYWNQRDCQTQKE
285,DGFGPDKKVPAQKCP
286,PYEDEPRSMEILFRR
287,VKELDETNDDKDRGN
288,EPELMKWMDCLRHKQ
289,DKETWQSDVMDTIKL
290,WYGDANEPQPPPPFP
291,NESDLEINLVQCMWN
292,VPLTCPPPGPMNCYN
293,YKARLPFYLYLHMGS
294,SEDLPEWCQLPTEYL
295,FPHFIFRPTCHWDDC
296,YMYPRELCLKCTMFR
297,VFPDKGQHWHCRVKI
298,FDPCMNDQGDELVNK
299,YHGWLYLCCGDGQRN
300,MTKAPFIASGRTLRSDAP
301,MQVADGTASGRQGRRDRI
302,MTYADFIASGRTCRRYAI
303,TTTADKIASIRGGRRGAI
304,KHTHDFIASNRTGRRLAI
305,TTAADFLASGRTNRRDAN
306,MTYADRIASGRTGRRDAI
307,TTYADAIASGRTRRRDAI
308,MTYARFIAGGRTGRRDAI
309,TTYADFIASLGTGRRIAP
310,MTTFYRNCEARTGRVDAV
311,MDNARIDAQEHRWVRIFT
312,MTYARQIAAIHQFWRPRI
313,MTHCYDRRSGHLCRKSAW
314,MTTADRTIHVITFRPLGI
315,MTQARRKADIKACRRRAI
316,TDTDRGEGWEGDKWVSAY
317,GNVAITILIIFCVTDYEA
318,GFCADTYANGIDTIRGRK
319,RMYWGGCLGLNKNHPHRI
320,LKYDKFGGDILRPLDSAD
321,MGRTYIIYHIIDPKRHEH
322,AGCEKQEHSQGDRDIKNL
323,QFYYQGENQGMCLELWWI
324,RRPHLIDEPDWYYWPYII
325,FGSCDGIRRKARSGWQAN
326,IGRELNIQSSKTKIKPGA
327,TDADQDSRTSYPWLPEAD
328,RKVKEPIYIGAPGIRGAW
329,YNTPCAGADDYDFKRGGT
330,SDPVSDDYCRPRFHHERI
331,PTPADDIPKHPYGGRDTG
332,VTSGPKNWGGNEWCPDTI
333,CLENVRIRKDSRPQPRAI
334,MFHATTNCMGPGPVMDRY
335,CRGKAQTYKNGDDVDVEE
336,ENYQQAHEGTWWHRVREH
337,LTLDLSNPSTWIERFEPI
338,MTPEQFMPDDGDKDGDYD
339,TVQWKSICIWWVGGRDVD
340,GKEHRCTCYENKLKPPAG
341,LPMQCGGGGFIAPLCIVM
342,VPNQDMGNKWMFMELIAT
343,TWSCGLEEWVISYADVKE
344,MDEDRTHNGMESPKVIII
345,HRPRSIQCFHDFLRDTSS
346,RQSNRKFMFGEMGKFLWW
347,GGDKTGIKPGWKISQDYI
348,GDYPGPRQTTAEPWKYAW
349,IRKDRSFQVDIKGGREAD
350,MRTLQTARKSTGGKA
351,RTTGGTARKSTGGKA
352,MRRKATARKKTGGKA
353,AERKSTARKSKVGKA
354,MRTKSTARKQRGKKA
355,ARTYKTARKSTGGKA
356,HRTKQQARKSTKGKA
357,ARTKSEGFKSTGGKA
358,MRTKQTARKQTGGKG
359,ARTKGRARKSLGGKA
360,PDLKTRDRKSSQVKA
361,MRPKADGRGINKSEK
362,TSKKQKIRYSEKKLL
363,KTKKQEATRKFGKEK
364,MEQKPTKRKTRYLFG
365,MRKQLDERKAKGGKA
366,MDRSATERKEGTSKA
367,AMRPRTKLKTWQWMD
368,ERKGIGARKSSQGGA
369,MVKKSKAPAHKRGKC
370,VEQHLWVEVYKNTCG
371,MRRMSSRPQVCTRFG
372,LRNNDCQIRLDTRVN
373,LPGDSPSKKPWQRCI
374,MGGKDIPWVFWGEWK
375,GSKYDDQLDCARRGK
376,MFIKKLDSKEFIKKA
377,KKCGGRKSNGQVEKT
378,LGTWLTRDTEKGEST
379,MKDKRCMRLPKRMPK
380,YRLHQRLKPKRDTNC
381,MQTEPWKYTPPPKNW
382,IKVCPKMRCQQSLHD
383,MNTNGPEWWIMQMPP
384,PGMWQNERKKCFGGD
385,AKCDGKNGPSGGRIA
386,GEYPGLFMGWDILDL
387,MRRMHTDEEKPVWHA
388,IEASLCDTRSVDWEH
389,QELGPMWVDSDISPA
390,EKKPINEPGVHWGPA
391,MGEYGTNDDGFRPNV
392,DRQPSVERDEDWMPK
393,PTTDSPRQWCQWGEN
394,MWNCQSLGKETCKFE
395,KTWLCTYRPIQTQSR
396,NYGNKSPRGEGFQAR
397,MVHCVKGVRDTPFCH
398,QRCKCGQGRSGQSDE
399,MGFEGTEFGRGFGIW
400,NAHNFPLDLAAAEAPPNA
401,NAHNFPLDLAAVESPPVA
402,NAHNFPLDLASAEAAIVA
403,NAHNFPLDLASVEAAIVL
404,NAHNFPLDLAAAEAAPNA
405,NAHNFPLDLASAESAVVA
406,NAHNFPLDLASIESPPVA
407,NAHNFPLDLASIEAPPKA
408,NAHNFPLDLASIESPVVA
409,NAHNFPLDLASLEAAPVA
410,NAHNFPLWLASVERKCVA
411,NAPNSPLDLASLEEPVRF
412,NAHNFPLDLASPAGPTVK
413,NADNFPLDLASIEAIVDA
414,NAHNFPLDLASSTGCPNL
415,NAHNFPLDLAAIEAGDYG
416,NADNFPLYLASIEEEAVA
417,NAHNFPLDLAANPSITEA
418,NAHNFPLDLASLMSPEAN
419,NAHNFPLDLTAAPAASHP
420,NAQNFPLNLAHCPSRYPK
421,NADNFVWHLAIVGDQPED
422,NAHNFPLDVAAIFDHCQK
423,HWHNYPLDMAAIEGAPNA
424,KADHFPLDLASIPQDASK
425,KYHNFPLGLCRFEAKDYK
426,NMLNFPLDLATLPSHPAK
427,NAYNFPLDLPSIVADPGD
428,NAHNFPGELACLRDHTYS
429,MAHNFPLDRMAIGGYKHI
430,YRILFSLDWAETLSIFEL
431,NYLCFPLYPVEGPGMLGD
432,MLHNDILDRICRDRRIHA
433,VASDSPEYPEKPCTCYYK
434,MEVEFPLDLGFIGSIDYV
435,KAVNFPLEDCAWEVPSPF
436,QPYNFPTSNIIFDFECVL
437,DADNFPEYVDQCPFQITE
438,NASNFPLDMALCLFMDEA
439,YQINFPLDLKNIVAKAGK
440,KWHDFPLDLKPNMVHLQW
441,QPWNPPFCSASADDVPEV
442,QVFNFPLAIGSEPYYPVN
443,NLHNFQCEKLHTLVGGLA
444,MWDNMHGYIASKEGYDPC
445,KAFDYAQDLGMEEIVQEV
446,YQRFSIVNLAPDHCPHVR
447,NEDDEPLDLARERGPIKH
448,PWHPLPCDVASYDGDDHL
449,NRADFPLDTDKDDVCLKK
450,MAEGSEAGLLGLGGGP
451,MAEGSSEGLLGLGPLP
452,GAMGSSERLLGLFLRW
453,GAAGSSEGLLPLGPGP
454,MAEGSSPGLLGLSPGP
455,MAGGSGEGLLGLGPGP
456,MAIGSSAGLLGLGPGP
457,MAGGSSIGLLGLGLGP
458,GAEGGSEGLLGLGFGL
459,MAEGGSLDLLGLGWGP
460,PGGGDSCDLAAGGCVK
461,RTMEPGRLDYGDRILI
462,MGMGSGRLLLLRGLRG
463,IEGLGGKGGRRGFLNM
464,MDAPISPGLVLSAGEP
465,MACGCDRGLLPQNPGF
466,MCMGLSLGLLGPGHNK
467,MEGLEGVGPMQLLMYF
468,MIPGSEHGGLPLCLGG
469,GPWSGSELLEGLESTP
470,LERDMSEGGMDLGYIR
471,GKRRRHEDIVFLGCWQ
472,RNKMLGHWTDCWHQHW
473,MLMFSILSLLLLGESR
474,FSSNDVLLLQLSPPGL
475,CGIRQPRCDRWGGPCE
476,INCLWIEQLPGLKYGP
477,KLVPKLPCRQTLCIEA
478,MVPGFMLGNLGKGPEP
479,MEKGDSCHWLGLGLLW
480,MASRPLEGMEYFYDGP
481,GWQCPCQGGLRYKEKK
482,PPALQPIPWGESWPGF
483,RYIRTLGLKWDGSVER
484,LAEQSSWVSADVQMRV
485,VADLLPWHGISRQHWY
486,RMLWGFTRINDELVWH
487,EEWRGVIGRGRMFSSN
488,GPRDRDWHGGEHGLQI
489,VHLPHFLRFDNERSRP
490,GIPRPHDECLMWMDDA
491,WKGLIMDDPKWVKRTS
492,GKSGGVWKRKPLRDQR
493,GKKRMILVTAKRTRDH
494,WLPSKSIPCGWLADPR
495,LAMKIGIIVKLPGGAK
496,EYDGQWVRGPREDAVR
497,WPDKTRNAQGWWWWLL
498,SAEYPPYCWLEGRDQR
499,KKGWSRYLRIQVEKGC
